[{"model": "auth.group", "pk": 1, "fields": {"name": "customer", "permissions": []}}, {"model": "auth.group", "pk": 2, "fields": {"name": "admin", "permissions": []}}, {"model": "auth.group", "pk": 3, "fields": {"name": "staff", "permissions": []}}, {"model": "auth.user", "pk": 1, "fields": {"password": "pbkdf2_sha256$180000$4FzBB6zEv1rt$SJ2Vjk9TCXa4p6B8u3+WdTORIJUx1kK3nexAVIvBw2o=", "last_login": "2020-11-19T03:14:21.112Z", "is_superuser": true, "username": "admin", "first_name": "", "last_name": "", "email": "binh@gmail.com", "is_staff": true, "is_active": true, "date_joined": "2020-11-18T09:03:44Z", "groups": [["customer"], ["admin"], ["staff"]], "user_permissions": []}}, {"model": "auth.user", "pk": 2, "fields": {"password": "pbkdf2_sha256$180000$O0Nlyve6aoJA$zs7tT3lm/mn2AVMoQrY5qj9hCO+UXI5eoc9ClS6p8MA=", "last_login": "2020-11-19T02:59:32.106Z", "is_superuser": false, "username": "chien.duc123", "first_name": "", "last_name": "", "email": "admni123@gmail.com", "is_staff": false, "is_active": true, "date_joined": "2020-11-19T02:59:05.588Z", "groups": [["customer"]], "user_permissions": []}}, {"model": "sessions.session", "pk": "wtjaj5s8eu0p3c53kzllavk7zg6tbznw", "fields": {"session_data": "YjU0ZjUxMTZmYzBlZjY0ZWJhOWI0MGEyZWRjNTI4YmYzMmYzMDYxMTp7Il9hdXRoX3VzZXJfaWQiOiIxIiwiX2F1dGhfdXNlcl9iYWNrZW5kIjoiZGphbmdvLmNvbnRyaWIuYXV0aC5iYWNrZW5kcy5Nb2RlbEJhY2tlbmQiLCJfYXV0aF91c2VyX2hhc2giOiJmMjFmZmJkNGE1NTU5OGVhY2E4OGFiN2ZjMjIwNzIwZWRmMWRhNGMzIn0=", "expire_date": "2020-12-03T03:14:21.121Z"}}, {"model": "customer_app.customer", "pk": 1, "fields": {"user": ["admin"], "email": "binhnd234@gmail.com", "name": "B\u00ecnh L\u00ea", "phone": "", "address": "15 TCV", "avatar": "profile.jpg"}}, {"model": "customer_app.customer", "pk": 2, "fields": {"user": ["chien.duc123"], "email": "admni123@gmail.com", "name": "V\u0169 \u0110\u1ee9c Chi\u1ebfn", "phone": "", "address": "", "avatar": ""}}, {"model": "customer_app.order", "pk": 1, "fields": {"customer": 1, "staff": null, "orderTime": "2020-11-18T21:12:04.441Z", "lastUpdate": "2020-11-18T14:12:04.466Z", "status": "Unpaid", "shippingAddress": "128 Nguy\u1ec5n \u0110\u00ecnh Chi\u1ec3u, qu\u1eadn 1, H\u1ed3 Ch\u00ed Minh, Vi\u1ec7t Nam", "complete": true}}, {"model": "customer_app.order", "pk": 2, "fields": {"customer": 1, "staff": null, "orderTime": "2020-11-19T09:51:24Z", "lastUpdate": "2020-11-19T02:52:04.462Z", "status": "Unpaid", "shippingAddress": "209 H\u00e0 Ng\u1ecdc Th\u1ecd, Dakao, H\u00e0 N\u1ed9i, Vi\u1ec7t Nam", "complete": true}}, {"model": "customer_app.order", "pk": 3, "fields": {"customer": 1, "staff": null, "orderTime": null, "lastUpdate": "2020-11-19T03:14:23.775Z", "status": "Unpaid", "shippingAddress": "", "complete": false}}, {"model": "customer_app.author", "pk": 1, "fields": {"name": "V\u0103n Cao", "email": "cao.van@gmail.com"}}, {"model": "customer_app.author", "pk": 2, "fields": {"name": "Ng\u00f4 T\u1ea5t T\u1ed1", "email": "ntt@gmail.com"}}, {"model": "customer_app.author", "pk": 3, "fields": {"name": "Nam Cao", "email": "namCao@gmail.com"}}, {"model": "customer_app.author", "pk": 4, "fields": {"name": "Th\u1ea1ch Lam", "email": "lam.thach@gmail.com"}}, {"model": "customer_app.author", "pk": 5, "fields": {"name": "T\u00f4 Ho\u00e0i", "email": "hoai.to@gmail.com"}}, {"model": "customer_app.author", "pk": 6, "fields": {"name": "H\u1ed3 Xu\u00e2n H\u01b0\u01a1ng", "email": "hxh123@gmail.com"}}, {"model": "customer_app.author", "pk": 7, "fields": {"name": "V\u0169 Tr\u1ecdng Ph\u1ee5ng", "email": "vuphu@gmail.com"}}, {"model": "customer_app.author", "pk": 8, "fields": {"name": "Nguy\u1ec5n Quang S\u00e1ng", "email": "nqs@gmail.com"}}, {"model": "customer_app.author", "pk": 9, "fields": {"name": "Nguy\u1ec5n Tu\u00e2n", "email": "tn@gmail.com"}}, {"model": "customer_app.author", "pk": 10, "fields": {"name": "H\u1ed3 Ch\u00ed Minh", "email": ""}}, {"model": "customer_app.author", "pk": 11, "fields": {"name": "T\u1ed1 H\u1eefu", "email": "to.huu@gmail.com"}}, {"model": "customer_app.author", "pk": 12, "fields": {"name": "Nguy\u1ec5n \u0110\u00ecnh Chi\u1ec3u", "email": ""}}, {"model": "customer_app.publisher", "pk": 1, "fields": {"name": "NXB DHQG Tp.H\u1ed3 Ch\u00ed Minh", "email": "dhqghcm@gmail.com", "phone": "0982345834"}}, {"model": "customer_app.publisher", "pk": 2, "fields": {"name": "NXB D\u00e2n Tr\u00ed", "email": "dantri@gmail.comm", "phone": "0824225665"}}, {"model": "customer_app.publisher", "pk": 3, "fields": {"name": "NXB Gi\u00e1o d\u1ee5c", "email": "giao.duc@gmail.com", "phone": "0823223332"}}, {"model": "customer_app.publisher", "pk": 4, "fields": {"name": "NXB H\u1ea3i Ph\u00f2ng", "email": "hp@gmail.com", "phone": "0987654567"}}, {"model": "customer_app.publisher", "pk": 5, "fields": {"name": "NXB Tu\u1ed5i tr\u1ebb", "email": "tuoitrecuoi@gmail.com", "phone": "0924665783"}}, {"model": "customer_app.publisher", "pk": 6, "fields": {"name": "NXB H\u1ed3ng \u0110\u1ee9c", "email": "duc.hong@gmail.com", "phone": "08937483643"}}, {"model": "customer_app.publisher", "pk": 7, "fields": {"name": "NXB Tr\u1ebb", "email": "tre@gmail.com", "phone": "0975443662"}}, {"model": "customer_app.publisher", "pk": 8, "fields": {"name": "NXB V\u0103n h\u1ecdc", "email": "vanhocmoi@gmail.com", "phone": "0924665783"}}, {"model": "customer_app.book", "pk": "2983748932478", "fields": {"name": "Nh\u1eadt k\u00fd trong t\u00f9", "year": 1919, "price": "48000.00", "description": "", "publisher": 5}}, {"model": "customer_app.book", "pk": "9284738946289", "fields": {"name": "D\u1ebf m\u00e8n phi\u00eau l\u01b0u k\u00fd", "year": 1941, "price": "99000.00", "description": "D\u1ebf m\u00e8n phi\u00eau l\u01b0u k\u00fd", "publisher": 1}}, {"model": "customer_app.book", "pk": "9780033418416", "fields": {"name": "Practice seven meet product defense.", "year": 1981, "price": "23000.00", "description": "Important seem recognize entire chance account fight team. Yes once side some set rest scientist.\nThroughout fast rather medical point talk. Radio leg pay bring.\nHistory myself wear never. However wife sound authority decade. Perform half itself could picture.", "publisher": 7}}, {"model": "customer_app.book", "pk": "9780035858838", "fields": {"name": "Position long surface while.", "year": 1996, "price": "182000.00", "description": "Toward source body hold goal school character.\nArt feel enter mission public truth collection thousand. Detail road cause also environmental quickly south.\nMe already pick lose phone say miss budget. Course again radio heavy close. Able interest election class store pick.", "publisher": 6}}, {"model": "customer_app.book", "pk": "9780058087871", "fields": {"name": "Race rule production decision future throw machine.", "year": 1971, "price": "163000.00", "description": "Man education our success. Produce number Democrat whether tax among. Already specific outside family despite save thing treat.\nClear movie name specific nearly. Look coach personal good represent.\nSeat nothing building seat. Forward require officer social because health country his.", "publisher": 7}}, {"model": "customer_app.book", "pk": "9780067009659", "fields": {"name": "Pull take bill talk gun really.", "year": 2020, "price": "50000.00", "description": "Exist big once listen. Time though buy fire action blue society.\nLater phone herself seek sure. Fast perform summer hope relate order time. Attorney law before down your save nor your.", "publisher": 6}}, {"model": "customer_app.book", "pk": "9780141379777", "fields": {"name": "Fund surface inside information.", "year": 1971, "price": "173000.00", "description": "Address at detail involve piece. Television truth become win manage. Total behind sort need cell.\nSimply different form doctor gas point. Above simply individual agree.\nSeat trip attention decide nice add long at.", "publisher": 3}}, {"model": "customer_app.book", "pk": "9780205939176", "fields": {"name": "Standard production including perhaps.", "year": 1997, "price": "161000.00", "description": "Vote air investment continue government art. Can everything maintain.\nNews leave poor the ago. Action assume drug yourself building public. Possible billion by.\nSuggest feel forward parent recognize. Size box hand anything sense century middle.", "publisher": 4}}, {"model": "customer_app.book", "pk": "9780243136438", "fields": {"name": "Wonder begin make actually inside relationship.", "year": 2015, "price": "114000.00", "description": "Certain mean place former. She notice movement. Style worker also sound point hope. Former us have check author.\nHouse occur best and ever drug. Each country put drug box sure debate. Set race board husband only medical identify couple.", "publisher": 5}}, {"model": "customer_app.book", "pk": "9780243643806", "fields": {"name": "Happy say protect over federal unit property one.", "year": 1976, "price": "127000.00", "description": "Son he design game your we prepare. Conference itself size issue end difference once. Increase seven rather.\nAir subject space send reflect.\nWithout everybody bank simply soon reflect move. Tough whatever themselves pull main important.", "publisher": 6}}, {"model": "customer_app.book", "pk": "9780264031125", "fields": {"name": "Probably bill throughout himself since.", "year": 1987, "price": "152000.00", "description": "Company scene central relationship rich product. Himself interesting this assume likely democratic election.\nAudience number son so. Drive accept television. Until action term.\nBeat gas simply card.\nEven know just personal both media various. Manager take these system.", "publisher": 6}}, {"model": "customer_app.book", "pk": "9780295935652", "fields": {"name": "Add wife stop general film phone evening.", "year": 1990, "price": "58000.00", "description": "Evidence head only. A little amount anyone together its board. Water area become produce current.\nSend management beautiful effect. As either sport player area north.\nRealize participant yard pretty.\nSeason especially memory wife. Well center finish why play four popular or.", "publisher": 4}}, {"model": "customer_app.book", "pk": "9780304403073", "fields": {"name": "Contain still rest piece ball feeling perform tell.", "year": 2011, "price": "126000.00", "description": "Head industry popular training something develop. Way each wife. Knowledge voice purpose major once.\nBut fact author operation single last. Than smile since without away hotel.\nCitizen strong relate sit identify example election. Sing company performance value shoulder carry.", "publisher": 2}}, {"model": "customer_app.book", "pk": "9780326547120", "fields": {"name": "Should training same despite sea.", "year": 2001, "price": "121000.00", "description": "Everybody long whose. Beat your off week mouth least pick. Laugh gun various cost call worry.\nCreate season everyone student order stand huge. Claim break bad support.\nSeason nature hope sound. Write question four population economic laugh increase. Industry crime course.", "publisher": 4}}, {"model": "customer_app.book", "pk": "9780348027594", "fields": {"name": "Say against marriage.", "year": 1999, "price": "197000.00", "description": "Often author occur just seek. Near front history century any program.\nThem memory catch suddenly film today art fear. Somebody show yet so tree Mrs than candidate. Change shoulder soon group other himself.", "publisher": 6}}, {"model": "customer_app.book", "pk": "9780386378702", "fields": {"name": "Leg magazine pick yard.", "year": 2012, "price": "45000.00", "description": "Audience street pay team loss. Gas single bank mean. Everybody pay hot.\nEvening institution easy can. Think let good system mind.\nSystem more billion political contain teacher fish. Compare training especially able dark high fight phone.", "publisher": 1}}, {"model": "customer_app.book", "pk": "9780436865138", "fields": {"name": "Agreement right fly always lose value.", "year": 1980, "price": "116000.00", "description": "Outside late check at relationship site guess people. Approach ability step better. Short west sea senior.\nIncrease soon he main other. His beyond simply quickly trade. Statement middle quality huge change statement. American customer myself economy place research.", "publisher": 6}}, {"model": "customer_app.book", "pk": "9780525827979", "fields": {"name": "All shoulder music spring good first seek.", "year": 2011, "price": "114000.00", "description": "Small rather side employee. Too them look arrive change.\nBed rest group fear. Recognize range beyond business movie.\nDecide performance probably guess throw life not TV. Drop grow tonight among room while population including. Again activity author past wind middle sea why.", "publisher": 3}}, {"model": "customer_app.book", "pk": "9780647121085", "fields": {"name": "Everybody part control often try.", "year": 1978, "price": "190000.00", "description": "Art partner assume season former suddenly fill. Show large offer black late. Store there home per.\nSeat brother woman kid also among. Perhaps when hot win. Possible article past hotel.\nVery area pay best visit fast west similar. Media support long thank.", "publisher": 6}}, {"model": "customer_app.book", "pk": "9780737361186", "fields": {"name": "Sign condition southern write.", "year": 2003, "price": "189000.00", "description": "Mean dinner by thousand. Win fight simple event natural budget name. Office hotel election far station.\nChoose understand free effect court paper TV. Baby feeling address degree red though leader.", "publisher": 7}}, {"model": "customer_app.book", "pk": "9780760949764", "fields": {"name": "Benefit nor certain test girl.", "year": 1982, "price": "126000.00", "description": "Often do near treatment choice. Perhaps line night miss prevent. Appear unit these blood especially now. Little recent enjoy age choose better.\nFigure give far blood. Throw around good eight American talk meeting.\nRepublican call number into fight method.", "publisher": 7}}, {"model": "customer_app.book", "pk": "9780797247161", "fields": {"name": "Whom short share this hand.", "year": 2001, "price": "27000.00", "description": "Kitchen remain face water. Certain face grow decision century actually. Tax green finally red color him.\nExperience speak last difference manager never include.\nSince three get still. Media successful speak suggest bar manage friend.", "publisher": 8}}, {"model": "customer_app.book", "pk": "9780829177572", "fields": {"name": "Find yet here chair pattern drop me.", "year": 1985, "price": "184000.00", "description": "More interest project finish throughout this follow. Nothing leader range reach eight word test.\nMay news reveal president beyond movie. Much market stay billion edge member talk. Civil worker cup reality heart responsibility. Side number others act hair let evidence.", "publisher": 5}}, {"model": "customer_app.book", "pk": "9780893377458", "fields": {"name": "Forget discover read wide need keep.", "year": 1989, "price": "60000.00", "description": "Woman glass child door. Despite agent social medical camera. World bad ability green something fish.\nLow occur black item visit easy set.\nWho room official owner choice stock sure decision. Former develop prepare hour card defense buy. Knowledge group east risk.", "publisher": 6}}, {"model": "customer_app.book", "pk": "9780916143862", "fields": {"name": "Behind firm thus.", "year": 1973, "price": "112000.00", "description": "Provide citizen computer. Upon truth here that structure.\nPage game work office. Inside than over relate.\nSubject central fast provide read great if. Team service policy. Tough research black billion cultural strategy.", "publisher": 6}}, {"model": "customer_app.book", "pk": "9781008166547", "fields": {"name": "Television education fight man.", "year": 1997, "price": "129000.00", "description": "Late represent city player measure grow measure institution. Design player measure.\nPlay fact rather prepare smile painting. Nation evidence to your condition call like.\nThough firm wrong owner teacher. Moment view certain life should Congress with. Understand painting yeah.", "publisher": 2}}, {"model": "customer_app.book", "pk": "9781072066309", "fields": {"name": "Commercial plant half.", "year": 2011, "price": "20000.00", "description": "Hard exist friend than.\nOthers notice read physical. Next the need. Face nation both.\nDetermine along fall best thus prepare. West discussion build tonight.\nPut follow center someone. Respond follow hold people believe situation cell. School wonder prepare.", "publisher": 3}}, {"model": "customer_app.book", "pk": "9781096841340", "fields": {"name": "Guess play why last firm teacher strategy hotel.", "year": 1995, "price": "142000.00", "description": "Until there save surface. Building not quickly here miss.\nFederal international class news. Should travel recently market. Not very lead one century.\nStrategy strategy fire degree certain three loss pick. Else member month this. Ask girl often your statement sometimes.", "publisher": 6}}, {"model": "customer_app.book", "pk": "9781116224948", "fields": {"name": "Arm bag couple market tax return upon.", "year": 1996, "price": "145000.00", "description": "Age leader service house range outside cultural case. Have level process stop agree different. Available center we share help big.\nParticular use whole seat painting return either. Can possible to improve time early. Point he TV big travel.", "publisher": 1}}, {"model": "customer_app.book", "pk": "9781134809004", "fields": {"name": "Region know hit form field TV leg.", "year": 2010, "price": "60000.00", "description": "Role or range charge attack. Speech summer real Democrat weight.\nPlan fire eye morning. Claim could seek father price. Red it them treat service plan stuff find.\nPay difficult election remember also anyone. War bill fund traditional study news spend. What wear record of think coach.", "publisher": 8}}, {"model": "customer_app.book", "pk": "9781146748919", "fields": {"name": "Stock important find political coach more.", "year": 1974, "price": "86000.00", "description": "American include court various sell health attack blood. City research glass reality.\nKind interview join. Care red item high.\nBorn space TV buy friend cover social. Company what single over.\nHuge including great anyone. Write able recognize part. Look stage near lot more ten history.", "publisher": 1}}, {"model": "customer_app.book", "pk": "9781187790212", "fields": {"name": "Heavy woman something suggest me wife.", "year": 2018, "price": "79000.00", "description": "Lay form your force.\nNothing somebody require ground always by field knowledge. Environmental worry seek phone.\nDrug human vote money purpose travel. Effect building likely material popular.\nDespite mother baby recognize step commercial. Agreement list system hour reflect such.", "publisher": 6}}, {"model": "customer_app.book", "pk": "9781195411260", "fields": {"name": "Their just week send deal.", "year": 1994, "price": "172000.00", "description": "Alone word decade fish listen million subject. Free always adult doctor natural newspaper number receive.\nTraditional performance them. Blood nation work case blood a. Trip new small church watch east special.", "publisher": 4}}, {"model": "customer_app.book", "pk": "9781259147500", "fields": {"name": "Collection city season collection heart time.", "year": 2017, "price": "162000.00", "description": "Our fine know with. Network only heart trouble true purpose get. Important purpose training very.\nSing picture change appear shake. Despite similar although set century turn cultural.\nNewspaper beat finish four go TV successful. Artist next short must hard give once.", "publisher": 2}}, {"model": "customer_app.book", "pk": "9781297792977", "fields": {"name": "Claim fall leave.", "year": 2016, "price": "174000.00", "description": "Increase up commercial road parent head push. Ago must choose group know. Read again rest around simple change international.\nUnderstand history street travel. Save economy book husband.", "publisher": 7}}, {"model": "customer_app.book", "pk": "9781350824331", "fields": {"name": "Woman us heart table officer blue need.", "year": 1995, "price": "90000.00", "description": "Under rate discussion religious those. Material Congress include prevent economic soldier prepare.\nBy huge back suddenly friend. Pull article community young experience poor. Scene north step recognize dream capital believe.", "publisher": 6}}, {"model": "customer_app.book", "pk": "9781364145705", "fields": {"name": "Find recognize but imagine which despite collection.", "year": 1999, "price": "33000.00", "description": "Audience science response within some almost class they. Clear civil blue save coach. Remain husband stop can. Already can speech else child.\nIts example follow federal central. Every base early police tonight increase. Live successful explain TV industry product.", "publisher": 7}}, {"model": "customer_app.book", "pk": "9781412599160", "fields": {"name": "Edge foreign read there attack trip.", "year": 1972, "price": "26000.00", "description": "Issue strong any officer policy great. Around particularly bar look. Blood mind purpose huge nation world hit.\nThousand that whom animal level everybody arm. Agreement hit plan get address red.\nUse election likely one. Tonight total local adult than. Break against as down natural table coach.", "publisher": 4}}, {"model": "customer_app.book", "pk": "9781522834359", "fields": {"name": "Wait case expert save include address here.", "year": 1971, "price": "195000.00", "description": "Degree chair security lead.\nDraw special always rock kitchen realize consider phone. Participant safe instead. Instead million east mention radio expect they play.\nCondition available street few another. Record phone generation modern.", "publisher": 6}}, {"model": "customer_app.book", "pk": "9781568023328", "fields": {"name": "Gun attack card next get.", "year": 1991, "price": "121000.00", "description": "Imagine health argue stand. Serious happen claim. Way new health case toward realize nor reduce.\nWhether realize goal direction head season small. Away agency voice.\nStuff south hair individual month air majority. Cold throw nice song field. Than state election probably action.", "publisher": 8}}, {"model": "customer_app.book", "pk": "9781587998881", "fields": {"name": "Eight culture off.", "year": 1975, "price": "159000.00", "description": "Newspaper above keep. Around wall serve return. Particular east rate behavior.\nThem floor senior. Without understand operation station look.\nWhether member book receive matter nothing chance would. Black when mouth never chair others why old. American religious under animal.", "publisher": 8}}, {"model": "customer_app.book", "pk": "9781628678239", "fields": {"name": "Usually mean place then yourself.", "year": 2003, "price": "54000.00", "description": "Dream process another camera think. Hit scene well information hit. Central information easy ready girl sure.\nHelp member hit share son thousand. Evidence watch east quickly heavy never. This field suddenly station.\nLawyer keep serious behind him. Dream anyone car owner whom name.", "publisher": 7}}, {"model": "customer_app.book", "pk": "9781630580087", "fields": {"name": "Sure reduce space occur treatment record go interesting.", "year": 1983, "price": "87000.00", "description": "Where college happy necessary collection. Baby control ever buy operation enough.\nReach order sound need. National pull hundred surface treat.\nBuilding nice up yard rule perform. Method human tax former. Walk technology together home establish practice.", "publisher": 6}}, {"model": "customer_app.book", "pk": "9781635147247", "fields": {"name": "Owner what do.", "year": 1985, "price": "58000.00", "description": "When about thing picture. No hit short over way should.\nLevel western popular region resource. East usually away each. Remember town recently age team.\nBeyond deep per. Group drop environmental stand general sort act. Whether author feel sea travel half.", "publisher": 3}}, {"model": "customer_app.book", "pk": "9781679983306", "fields": {"name": "Everyone dinner true box executive early eight.", "year": 2009, "price": "103000.00", "description": "Focus cultural each about travel best take probably. Film prove decade sort.\nDark building lose could. Over thought relationship common against record film. Letter benefit forward always like best end although.\nGrowth same she wish final.", "publisher": 8}}, {"model": "customer_app.book", "pk": "9781703255034", "fields": {"name": "Hold administration new stage indeed.", "year": 1992, "price": "178000.00", "description": "Hotel play forward huge. Any play suggest work few. Car try place.\nSide him your simply job party than blue. Feeling color way view why successful.\nRead practice better himself feeling reduce I. Husband possible teacher.\nHuge foot matter red service.", "publisher": 7}}, {"model": "customer_app.book", "pk": "9781704653143", "fields": {"name": "Somebody bag wind meeting agency physical.", "year": 1973, "price": "119000.00", "description": "Out like answer sing figure pick. Parent smile increase seven capital rate. Author system range report.\nFriend beyond commercial either company relationship too. Without side direction often market. Life environmental especially per.", "publisher": 1}}, {"model": "customer_app.book", "pk": "9781717142603", "fields": {"name": "Democratic number moment hope else material true statement.", "year": 1974, "price": "54000.00", "description": "Ability watch little get. Street behavior indicate no road bed assume. Way before response ahead finish.\nProfessor discussion usually.\nBoard dog fear ball until herself.\nMonth wrong especially though purpose somebody.", "publisher": 1}}, {"model": "customer_app.book", "pk": "9781736180822", "fields": {"name": "Sometimes soon summer individual he no.", "year": 2019, "price": "136000.00", "description": "Add there present on note time above place. Pressure cultural law return. Risk feel fire church glass central.\nThus bring while tonight office apply far. Most save ask measure.\nThis expert billion by. On see anyone we source grow former moment. Share daughter movement be.", "publisher": 4}}, {"model": "customer_app.book", "pk": "9781750485859", "fields": {"name": "Stuff heavy ask deep build bag.", "year": 1970, "price": "144000.00", "description": "Any investment degree across. Tv fire article house support happy.\nRequire issue these without worry film. Nature positive assume.\nNation front will long. Pick tough approach.", "publisher": 1}}, {"model": "customer_app.book", "pk": "9781789595574", "fields": {"name": "Card store man its second close.", "year": 1991, "price": "133000.00", "description": "Blood view coach conference be smile. Fire eye order myself economy. Road through serious race perform tell two.\nQuality between big the hard positive see. Hope on store free.\nLay build air world thousand shoulder agent night. Hundred family here always culture deep member.", "publisher": 5}}, {"model": "customer_app.book", "pk": "9781856757270", "fields": {"name": "Cup include my worker avoid.", "year": 1973, "price": "85000.00", "description": "Painting production see rise probably interest. American later other grow build song race. Adult pull thousand store.\nEye recently box improve she how. Thought attorney return modern science bar. Adult red note point thing outside away.", "publisher": 7}}, {"model": "customer_app.book", "pk": "9781883261399", "fields": {"name": "Tax simply manager exist city current.", "year": 2013, "price": "134000.00", "description": "See security sit book. Assume democratic first cause a less physical our. Skin consumer memory summer yeah begin even.\nWhere game institution argue see. Card over candidate near project. Instead develop improve during.", "publisher": 7}}, {"model": "customer_app.book", "pk": "9781883777456", "fields": {"name": "Child fight deep third black.", "year": 1999, "price": "51000.00", "description": "Movement model three live. So interview girl. Interesting American create plant statement medical. Air many fly animal grow land you.\nSection send machine power. Look same bad lot.\nStar dinner piece off final assume. Discussion reduce later magazine. Pull health wide let result wide represent.", "publisher": 5}}, {"model": "customer_app.book", "pk": "9781937352301", "fields": {"name": "Over give have Mrs.", "year": 2019, "price": "33000.00", "description": "Place party rest someone. Process southern know after ground a church.\nPoint spend partner some movie stop.\nSort point music society. Exist threat mention really tax. Happen some act worker executive modern.\nHappen democratic school face.", "publisher": 1}}, {"model": "customer_app.book", "pk": "9781971101378", "fields": {"name": "Safe clearly story return.", "year": 1979, "price": "101000.00", "description": "His ability their financial serious soon with professional. Author street reduce offer. Again information class case.\nTo theory certainly task mission would debate. Fund quite sit religious take. Heart billion girl phone this into mother.", "publisher": 8}}, {"model": "customer_app.book", "pk": "9834578927431", "fields": {"name": "Chi\u1ec1u chi\u1ec1u", "year": 1987, "price": "69000.00", "description": "", "publisher": 1}}, {"model": "customer_app.traditional", "pk": 1, "fields": {"book": "9781259147500", "allowNumber": 15}}, {"model": "customer_app.traditional", "pk": 2, "fields": {"book": "9781195411260", "allowNumber": 19}}, {"model": "customer_app.traditional", "pk": 3, "fields": {"book": "9781635147247", "allowNumber": 15}}, {"model": "customer_app.traditional", "pk": 4, "fields": {"book": "9780033418416", "allowNumber": 15}}, {"model": "customer_app.traditional", "pk": 5, "fields": {"book": "9781587998881", "allowNumber": 12}}, {"model": "customer_app.traditional", "pk": 6, "fields": {"book": "9780326547120", "allowNumber": 7}}, {"model": "customer_app.traditional", "pk": 7, "fields": {"book": "9781008166547", "allowNumber": 6}}, {"model": "customer_app.traditional", "pk": 8, "fields": {"book": "9781703255034", "allowNumber": 12}}, {"model": "customer_app.traditional", "pk": 9, "fields": {"book": "9781187790212", "allowNumber": 17}}, {"model": "customer_app.traditional", "pk": 10, "fields": {"book": "9780205939176", "allowNumber": 16}}, {"model": "customer_app.traditional", "pk": 11, "fields": {"book": "9781072066309", "allowNumber": 3}}, {"model": "customer_app.traditional", "pk": 12, "fields": {"book": "9781883261399", "allowNumber": 18}}, {"model": "customer_app.traditional", "pk": 13, "fields": {"book": "9781883777456", "allowNumber": 9}}, {"model": "customer_app.traditional", "pk": 14, "fields": {"book": "9781096841340", "allowNumber": 18}}, {"model": "customer_app.traditional", "pk": 15, "fields": {"book": "9781750485859", "allowNumber": 9}}, {"model": "customer_app.traditional", "pk": 16, "fields": {"book": "9781134809004", "allowNumber": 19}}, {"model": "customer_app.traditional", "pk": 17, "fields": {"book": "9781789595574", "allowNumber": 18}}, {"model": "customer_app.traditional", "pk": 18, "fields": {"book": "9780797247161", "allowNumber": 12}}, {"model": "customer_app.traditional", "pk": 19, "fields": {"book": "9781297792977", "allowNumber": 2}}, {"model": "customer_app.traditional", "pk": 20, "fields": {"book": "9780035858838", "allowNumber": 13}}, {"model": "customer_app.traditional", "pk": 21, "fields": {"book": "9781717142603", "allowNumber": 3}}, {"model": "customer_app.traditional", "pk": 22, "fields": {"book": "9780916143862", "allowNumber": 3}}, {"model": "customer_app.traditional", "pk": 23, "fields": {"book": "9781971101378", "allowNumber": 1}}, {"model": "customer_app.traditional", "pk": 24, "fields": {"book": "9780141379777", "allowNumber": 12}}, {"model": "customer_app.traditional", "pk": 25, "fields": {"book": "9780829177572", "allowNumber": 2}}, {"model": "customer_app.traditional", "pk": 26, "fields": {"book": "2983748932478", "allowNumber": 7}}, {"model": "customer_app.traditional", "pk": 27, "fields": {"book": "9284738946289", "allowNumber": 3}}, {"model": "customer_app.traditional", "pk": 28, "fields": {"book": "9780058087871", "allowNumber": 4}}, {"model": "customer_app.traditional", "pk": 29, "fields": {"book": "9780067009659", "allowNumber": 1}}, {"model": "customer_app.traditional", "pk": 30, "fields": {"book": "9780243136438", "allowNumber": 14}}, {"model": "customer_app.traditional", "pk": 31, "fields": {"book": "9780243643806", "allowNumber": 19}}, {"model": "customer_app.traditional", "pk": 32, "fields": {"book": "9780264031125", "allowNumber": 14}}, {"model": "customer_app.traditional", "pk": 33, "fields": {"book": "9780295935652", "allowNumber": 14}}, {"model": "customer_app.traditional", "pk": 34, "fields": {"book": "9780348027594", "allowNumber": 1}}, {"model": "customer_app.traditional", "pk": 35, "fields": {"book": "9780386378702", "allowNumber": 16}}, {"model": "customer_app.traditional", "pk": 36, "fields": {"book": "9780436865138", "allowNumber": 3}}, {"model": "customer_app.traditional", "pk": 37, "fields": {"book": "9780525827979", "allowNumber": 20}}, {"model": "customer_app.traditional", "pk": 38, "fields": {"book": "9780647121085", "allowNumber": 10}}, {"model": "customer_app.traditional", "pk": 39, "fields": {"book": "9780737361186", "allowNumber": 4}}, {"model": "customer_app.traditional", "pk": 40, "fields": {"book": "9780760949764", "allowNumber": 14}}, {"model": "customer_app.traditional", "pk": 41, "fields": {"book": "9781116224948", "allowNumber": 18}}, {"model": "customer_app.traditional", "pk": 42, "fields": {"book": "9781364145705", "allowNumber": 6}}, {"model": "customer_app.traditional", "pk": 43, "fields": {"book": "9781522834359", "allowNumber": 18}}, {"model": "customer_app.traditional", "pk": 44, "fields": {"book": "9781679983306", "allowNumber": 20}}, {"model": "customer_app.traditional", "pk": 45, "fields": {"book": "9781704653143", "allowNumber": 18}}, {"model": "customer_app.traditional", "pk": 46, "fields": {"book": "9781736180822", "allowNumber": 16}}, {"model": "customer_app.traditional", "pk": 47, "fields": {"book": "9834578927431", "allowNumber": 16}}, {"model": "customer_app.electronic", "pk": 1, "fields": {"book": "9781568023328", "rentPrice": "33000.00", "rentDuration": 7, "link": ""}}, {"model": "customer_app.electronic", "pk": 2, "fields": {"book": "9780304403073", "rentPrice": "13000.00", "rentDuration": 3, "link": ""}}, {"model": "customer_app.electronic", "pk": 3, "fields": {"book": "9781587998881", "rentPrice": "34000.00", "rentDuration": 4, "link": ""}}, {"model": "customer_app.electronic", "pk": 4, "fields": {"book": "9780326547120", "rentPrice": "47000.00", "rentDuration": 6, "link": ""}}, {"model": "customer_app.electronic", "pk": 5, "fields": {"book": "9781703255034", "rentPrice": "34000.00", "rentDuration": 2, "link": ""}}, {"model": "customer_app.electronic", "pk": 6, "fields": {"book": "9781187790212", "rentPrice": "31000.00", "rentDuration": 4, "link": ""}}, {"model": "customer_app.electronic", "pk": 7, "fields": {"book": "9781146748919", "rentPrice": "28000.00", "rentDuration": 1, "link": ""}}, {"model": "customer_app.electronic", "pk": 8, "fields": {"book": "9781856757270", "rentPrice": "33000.00", "rentDuration": 6, "link": ""}}, {"model": "customer_app.electronic", "pk": 9, "fields": {"book": "9780205939176", "rentPrice": "22000.00", "rentDuration": 1, "link": ""}}, {"model": "customer_app.electronic", "pk": 10, "fields": {"book": "9781412599160", "rentPrice": "24000.00", "rentDuration": 7, "link": ""}}, {"model": "customer_app.electronic", "pk": 11, "fields": {"book": "9781628678239", "rentPrice": "16000.00", "rentDuration": 2, "link": ""}}, {"model": "customer_app.electronic", "pk": 12, "fields": {"book": "9781630580087", "rentPrice": "23000.00", "rentDuration": 3, "link": ""}}, {"model": "customer_app.electronic", "pk": 13, "fields": {"book": "9781096841340", "rentPrice": "41000.00", "rentDuration": 5, "link": ""}}, {"model": "customer_app.electronic", "pk": 14, "fields": {"book": "9781350824331", "rentPrice": "14000.00", "rentDuration": 3, "link": ""}}, {"model": "customer_app.electronic", "pk": 15, "fields": {"book": "9781937352301", "rentPrice": "39000.00", "rentDuration": 6, "link": ""}}, {"model": "customer_app.electronic", "pk": 16, "fields": {"book": "9781297792977", "rentPrice": "22000.00", "rentDuration": 7, "link": ""}}, {"model": "customer_app.electronic", "pk": 17, "fields": {"book": "9781717142603", "rentPrice": "50000.00", "rentDuration": 7, "link": ""}}, {"model": "customer_app.electronic", "pk": 18, "fields": {"book": "9780893377458", "rentPrice": "26000.00", "rentDuration": 2, "link": ""}}, {"model": "customer_app.electronic", "pk": 19, "fields": {"book": "9780916143862", "rentPrice": "35000.00", "rentDuration": 1, "link": ""}}, {"model": "customer_app.bookauthor", "pk": 1, "fields": {"book": "2983748932478", "author": 5}}, {"model": "customer_app.bookauthor", "pk": 2, "fields": {"book": "9780436865138", "author": 2}}, {"model": "customer_app.bookauthor", "pk": 3, "fields": {"book": "9780436865138", "author": 6}}, {"model": "customer_app.bookauthor", "pk": 4, "fields": {"book": "9781259147500", "author": 1}}, {"model": "customer_app.bookauthor", "pk": 5, "fields": {"book": "9781259147500", "author": 2}}, {"model": "customer_app.bookauthor", "pk": 6, "fields": {"book": "9781259147500", "author": 6}}, {"model": "customer_app.bookauthor", "pk": 7, "fields": {"book": "9780647121085", "author": 1}}, {"model": "customer_app.bookauthor", "pk": 8, "fields": {"book": "9780647121085", "author": 11}}, {"model": "customer_app.bookauthor", "pk": 9, "fields": {"book": "9781568023328", "author": 3}}, {"model": "customer_app.bookauthor", "pk": 10, "fields": {"book": "9781568023328", "author": 4}}, {"model": "customer_app.bookauthor", "pk": 11, "fields": {"book": "9781568023328", "author": 12}}, {"model": "customer_app.bookauthor", "pk": 12, "fields": {"book": "9781195411260", "author": 7}}, {"model": "customer_app.bookauthor", "pk": 13, "fields": {"book": "9780304403073", "author": 8}}, {"model": "customer_app.bookauthor", "pk": 14, "fields": {"book": "9780304403073", "author": 11}}, {"model": "customer_app.bookauthor", "pk": 15, "fields": {"book": "9780304403073", "author": 6}}, {"model": "customer_app.bookauthor", "pk": 16, "fields": {"book": "9781635147247", "author": 10}}, {"model": "customer_app.bookauthor", "pk": 17, "fields": {"book": "9780033418416", "author": 7}}, {"model": "customer_app.bookauthor", "pk": 18, "fields": {"book": "9781587998881", "author": 2}}, {"model": "customer_app.bookauthor", "pk": 19, "fields": {"book": "9781587998881", "author": 12}}, {"model": "customer_app.bookauthor", "pk": 20, "fields": {"book": "9781587998881", "author": 6}}, {"model": "customer_app.bookauthor", "pk": 21, "fields": {"book": "9780525827979", "author": 12}}, {"model": "customer_app.bookauthor", "pk": 22, "fields": {"book": "9780525827979", "author": 5}}, {"model": "customer_app.bookauthor", "pk": 23, "fields": {"book": "9780326547120", "author": 12}}, {"model": "customer_app.bookauthor", "pk": 24, "fields": {"book": "9781008166547", "author": 8}}, {"model": "customer_app.bookauthor", "pk": 25, "fields": {"book": "9781008166547", "author": 1}}, {"model": "customer_app.bookauthor", "pk": 26, "fields": {"book": "9781703255034", "author": 8}}, {"model": "customer_app.bookauthor", "pk": 27, "fields": {"book": "9781703255034", "author": 6}}, {"model": "customer_app.bookauthor", "pk": 28, "fields": {"book": "9781703255034", "author": 7}}, {"model": "customer_app.bookauthor", "pk": 29, "fields": {"book": "9781187790212", "author": 1}}, {"model": "customer_app.bookauthor", "pk": 30, "fields": {"book": "9781187790212", "author": 3}}, {"model": "customer_app.bookauthor", "pk": 31, "fields": {"book": "9781187790212", "author": 7}}, {"model": "customer_app.bookauthor", "pk": 32, "fields": {"book": "9780760949764", "author": 9}}, {"model": "customer_app.bookauthor", "pk": 33, "fields": {"book": "9780760949764", "author": 2}}, {"model": "customer_app.bookauthor", "pk": 34, "fields": {"book": "9781364145705", "author": 2}}, {"model": "customer_app.bookauthor", "pk": 35, "fields": {"book": "9781364145705", "author": 7}}, {"model": "customer_app.bookauthor", "pk": 36, "fields": {"book": "9781116224948", "author": 10}}, {"model": "customer_app.bookauthor", "pk": 37, "fields": {"book": "9781116224948", "author": 12}}, {"model": "customer_app.bookauthor", "pk": 38, "fields": {"book": "9781146748919", "author": 1}}, {"model": "customer_app.bookauthor", "pk": 39, "fields": {"book": "9781146748919", "author": 3}}, {"model": "customer_app.bookauthor", "pk": 40, "fields": {"book": "9781856757270", "author": 8}}, {"model": "customer_app.bookauthor", "pk": 41, "fields": {"book": "9781856757270", "author": 10}}, {"model": "customer_app.bookauthor", "pk": 42, "fields": {"book": "9780264031125", "author": 11}}, {"model": "customer_app.bookauthor", "pk": 43, "fields": {"book": "9780067009659", "author": 3}}, {"model": "customer_app.bookauthor", "pk": 44, "fields": {"book": "9780067009659", "author": 5}}, {"model": "customer_app.bookauthor", "pk": 45, "fields": {"book": "9780205939176", "author": 3}}, {"model": "customer_app.bookauthor", "pk": 46, "fields": {"book": "9780205939176", "author": 6}}, {"model": "customer_app.bookauthor", "pk": 47, "fields": {"book": "9780205939176", "author": 7}}, {"model": "customer_app.bookauthor", "pk": 48, "fields": {"book": "9781412599160", "author": 12}}, {"model": "customer_app.bookauthor", "pk": 49, "fields": {"book": "9781072066309", "author": 3}}, {"model": "customer_app.bookauthor", "pk": 50, "fields": {"book": "9781072066309", "author": 5}}, {"model": "customer_app.bookauthor", "pk": 51, "fields": {"book": "9781072066309", "author": 6}}, {"model": "customer_app.bookauthor", "pk": 52, "fields": {"book": "9781736180822", "author": 8}}, {"model": "customer_app.bookauthor", "pk": 53, "fields": {"book": "9781736180822", "author": 2}}, {"model": "customer_app.bookauthor", "pk": 54, "fields": {"book": "9781736180822", "author": 5}}, {"model": "customer_app.bookauthor", "pk": 55, "fields": {"book": "9781628678239", "author": 9}}, {"model": "customer_app.bookauthor", "pk": 56, "fields": {"book": "9781628678239", "author": 4}}, {"model": "customer_app.bookauthor", "pk": 57, "fields": {"book": "9781630580087", "author": 3}}, {"model": "customer_app.bookauthor", "pk": 58, "fields": {"book": "9781630580087", "author": 2}}, {"model": "customer_app.bookauthor", "pk": 59, "fields": {"book": "9781630580087", "author": 11}}, {"model": "customer_app.bookauthor", "pk": 60, "fields": {"book": "9781883261399", "author": 9}}, {"model": "customer_app.bookauthor", "pk": 61, "fields": {"book": "9781704653143", "author": 6}}, {"model": "customer_app.bookauthor", "pk": 62, "fields": {"book": "9781522834359", "author": 9}}, {"model": "customer_app.bookauthor", "pk": 63, "fields": {"book": "9781522834359", "author": 2}}, {"model": "customer_app.bookauthor", "pk": 64, "fields": {"book": "9780243136438", "author": 4}}, {"model": "customer_app.bookauthor", "pk": 65, "fields": {"book": "9780737361186", "author": 3}}, {"model": "customer_app.bookauthor", "pk": 66, "fields": {"book": "9780737361186", "author": 12}}, {"model": "customer_app.bookauthor", "pk": 67, "fields": {"book": "9781883777456", "author": 8}}, {"model": "customer_app.bookauthor", "pk": 68, "fields": {"book": "9781883777456", "author": 1}}, {"model": "customer_app.bookauthor", "pk": 69, "fields": {"book": "9781883777456", "author": 5}}, {"model": "customer_app.bookauthor", "pk": 70, "fields": {"book": "9781096841340", "author": 5}}, {"model": "customer_app.bookauthor", "pk": 71, "fields": {"book": "9781750485859", "author": 10}}, {"model": "customer_app.bookauthor", "pk": 72, "fields": {"book": "9781750485859", "author": 2}}, {"model": "customer_app.bookauthor", "pk": 73, "fields": {"book": "9781134809004", "author": 1}}, {"model": "customer_app.bookauthor", "pk": 74, "fields": {"book": "9781134809004", "author": 11}}, {"model": "customer_app.bookauthor", "pk": 75, "fields": {"book": "9781134809004", "author": 12}}, {"model": "customer_app.bookauthor", "pk": 76, "fields": {"book": "9781350824331", "author": 1}}, {"model": "customer_app.bookauthor", "pk": 77, "fields": {"book": "9781350824331", "author": 3}}, {"model": "customer_app.bookauthor", "pk": 78, "fields": {"book": "9781937352301", "author": 2}}, {"model": "customer_app.bookauthor", "pk": 79, "fields": {"book": "9781937352301", "author": 4}}, {"model": "customer_app.bookauthor", "pk": 80, "fields": {"book": "9781937352301", "author": 5}}, {"model": "customer_app.bookauthor", "pk": 81, "fields": {"book": "9781789595574", "author": 11}}, {"model": "customer_app.bookauthor", "pk": 82, "fields": {"book": "9781789595574", "author": 6}}, {"model": "customer_app.bookauthor", "pk": 83, "fields": {"book": "9781789595574", "author": 7}}, {"model": "customer_app.bookauthor", "pk": 84, "fields": {"book": "9780797247161", "author": 7}}, {"model": "customer_app.bookauthor", "pk": 85, "fields": {"book": "9781297792977", "author": 11}}, {"model": "customer_app.bookauthor", "pk": 86, "fields": {"book": "9780035858838", "author": 7}}, {"model": "customer_app.bookauthor", "pk": 87, "fields": {"book": "9780058087871", "author": 9}}, {"model": "customer_app.bookauthor", "pk": 88, "fields": {"book": "9780058087871", "author": 11}}, {"model": "customer_app.bookauthor", "pk": 89, "fields": {"book": "9780058087871", "author": 7}}, {"model": "customer_app.bookauthor", "pk": 90, "fields": {"book": "9781717142603", "author": 2}}, {"model": "customer_app.bookauthor", "pk": 91, "fields": {"book": "9780893377458", "author": 11}}, {"model": "customer_app.bookauthor", "pk": 92, "fields": {"book": "9780893377458", "author": 3}}, {"model": "customer_app.bookauthor", "pk": 93, "fields": {"book": "9780386378702", "author": 8}}, {"model": "customer_app.bookauthor", "pk": 94, "fields": {"book": "9780386378702", "author": 9}}, {"model": "customer_app.bookauthor", "pk": 95, "fields": {"book": "9780295935652", "author": 8}}, {"model": "customer_app.bookauthor", "pk": 96, "fields": {"book": "9780295935652", "author": 3}}, {"model": "customer_app.bookauthor", "pk": 97, "fields": {"book": "9780295935652", "author": 4}}, {"model": "customer_app.bookauthor", "pk": 98, "fields": {"book": "9780916143862", "author": 3}}, {"model": "customer_app.bookauthor", "pk": 99, "fields": {"book": "9781971101378", "author": 9}}, {"model": "customer_app.bookauthor", "pk": 100, "fields": {"book": "9781971101378", "author": 10}}, {"model": "customer_app.bookauthor", "pk": 101, "fields": {"book": "9781971101378", "author": 3}}, {"model": "customer_app.bookauthor", "pk": 102, "fields": {"book": "9780141379777", "author": 3}}, {"model": "customer_app.bookauthor", "pk": 103, "fields": {"book": "9780141379777", "author": 12}}, {"model": "customer_app.bookauthor", "pk": 104, "fields": {"book": "9780141379777", "author": 5}}, {"model": "customer_app.bookauthor", "pk": 105, "fields": {"book": "9780829177572", "author": 11}}, {"model": "customer_app.bookauthor", "pk": 106, "fields": {"book": "9780829177572", "author": 12}}, {"model": "customer_app.bookauthor", "pk": 107, "fields": {"book": "9781679983306", "author": 7}}, {"model": "customer_app.bookauthor", "pk": 108, "fields": {"book": "9780243643806", "author": 11}}, {"model": "customer_app.bookauthor", "pk": 109, "fields": {"book": "9284738946289", "author": 5}}, {"model": "customer_app.orderitem", "pk": 4, "fields": {"order": 1, "book": "9781568023328", "quantity": 3, "option": "eRent"}}, {"model": "customer_app.orderitem", "pk": 5, "fields": {"order": 1, "book": "9284738946289", "quantity": 3, "option": "buy"}}, {"model": "customer_app.orderitem", "pk": 6, "fields": {"order": 1, "book": "9780033418416", "quantity": 5, "option": "buy"}}, {"model": "customer_app.orderitem", "pk": 8, "fields": {"order": 2, "book": "9284738946289", "quantity": 3, "option": "buy"}}, {"model": "customer_app.orderitem", "pk": 9, "fields": {"order": 3, "book": "9780033418416", "quantity": 15, "option": "buy"}}, {"model": "customer_app.card", "pk": 1, "fields": {"customer": 1, "ownerName": "LE DO THANH BINH", "code": "4539513651373130", "bank": "BIDV", "branch": "Th\u1ee7 \u0110\u1ee9c", "expireDate": "2025-06-30"}}, {"model": "customer_app.payment", "pk": 1, "fields": {"customer": 1, "order": 1, "staff": null, "paymentTime": "2020-11-18T14:12:04.446Z", "method": "credit", "amount": "511000.00"}}, {"model": "customer_app.payment", "pk": 2, "fields": {"customer": 1, "order": 2, "staff": null, "paymentTime": "2020-11-19T02:51:24.046Z", "method": "transfer", "amount": "297000.00"}}, {"model": "customer_app.keyword", "pk": 1, "fields": {"book": "9780436865138", "keyword": "land"}}, {"model": "customer_app.keyword", "pk": 2, "fields": {"book": "9780436865138", "keyword": "within"}}, {"model": "customer_app.keyword", "pk": 3, "fields": {"book": "9780436865138", "keyword": "kind"}}, {"model": "customer_app.keyword", "pk": 4, "fields": {"book": "9780436865138", "keyword": "do"}}, {"model": "customer_app.keyword", "pk": 5, "fields": {"book": "9781259147500", "keyword": "important"}}, {"model": "customer_app.keyword", "pk": 6, "fields": {"book": "9780647121085", "keyword": "avoid"}}, {"model": "customer_app.keyword", "pk": 7, "fields": {"book": "9781568023328", "keyword": "land"}}, {"model": "customer_app.keyword", "pk": 8, "fields": {"book": "9781195411260", "keyword": "sport"}}, {"model": "customer_app.keyword", "pk": 9, "fields": {"book": "9781195411260", "keyword": "option"}}, {"model": "customer_app.keyword", "pk": 10, "fields": {"book": "9781195411260", "keyword": "suffer"}}, {"model": "customer_app.keyword", "pk": 11, "fields": {"book": "9781195411260", "keyword": "concern"}}, {"model": "customer_app.keyword", "pk": 12, "fields": {"book": "9780304403073", "keyword": "successful"}}, {"model": "customer_app.keyword", "pk": 13, "fields": {"book": "9781635147247", "keyword": "pass"}}, {"model": "customer_app.keyword", "pk": 14, "fields": {"book": "9780033418416", "keyword": "past"}}, {"model": "customer_app.keyword", "pk": 15, "fields": {"book": "9780033418416", "keyword": "life"}}, {"model": "customer_app.keyword", "pk": 16, "fields": {"book": "9780033418416", "keyword": "together"}}, {"model": "customer_app.keyword", "pk": 17, "fields": {"book": "9780033418416", "keyword": "interview"}}, {"model": "customer_app.keyword", "pk": 18, "fields": {"book": "9781587998881", "keyword": "not"}}, {"model": "customer_app.keyword", "pk": 19, "fields": {"book": "9781587998881", "keyword": "though"}}, {"model": "customer_app.keyword", "pk": 20, "fields": {"book": "9780525827979", "keyword": "really"}}, {"model": "customer_app.keyword", "pk": 21, "fields": {"book": "9780525827979", "keyword": "run"}}, {"model": "customer_app.keyword", "pk": 22, "fields": {"book": "9780525827979", "keyword": "prepare"}}, {"model": "customer_app.keyword", "pk": 23, "fields": {"book": "9780525827979", "keyword": "economy"}}, {"model": "customer_app.keyword", "pk": 24, "fields": {"book": "9780326547120", "keyword": "mission"}}, {"model": "customer_app.keyword", "pk": 25, "fields": {"book": "9780326547120", "keyword": "suggest"}}, {"model": "customer_app.keyword", "pk": 26, "fields": {"book": "9780326547120", "keyword": "worry"}}, {"model": "customer_app.keyword", "pk": 27, "fields": {"book": "9781008166547", "keyword": "arrive"}}, {"model": "customer_app.keyword", "pk": 28, "fields": {"book": "9781008166547", "keyword": "no"}}, {"model": "customer_app.keyword", "pk": 29, "fields": {"book": "9781008166547", "keyword": "different"}}, {"model": "customer_app.keyword", "pk": 30, "fields": {"book": "9781008166547", "keyword": "reduce"}}, {"model": "customer_app.keyword", "pk": 31, "fields": {"book": "9781703255034", "keyword": "wind"}}, {"model": "customer_app.keyword", "pk": 32, "fields": {"book": "9781703255034", "keyword": "once"}}, {"model": "customer_app.keyword", "pk": 33, "fields": {"book": "9781187790212", "keyword": "Republican"}}, {"model": "customer_app.keyword", "pk": 34, "fields": {"book": "9780760949764", "keyword": "picture"}}, {"model": "customer_app.keyword", "pk": 35, "fields": {"book": "9780760949764", "keyword": "project"}}, {"model": "customer_app.keyword", "pk": 36, "fields": {"book": "9781364145705", "keyword": "region"}}, {"model": "customer_app.keyword", "pk": 37, "fields": {"book": "9781116224948", "keyword": "now"}}, {"model": "customer_app.keyword", "pk": 38, "fields": {"book": "9781116224948", "keyword": "social"}}, {"model": "customer_app.keyword", "pk": 39, "fields": {"book": "9781116224948", "keyword": "however"}}, {"model": "customer_app.keyword", "pk": 40, "fields": {"book": "9781146748919", "keyword": "adult"}}, {"model": "customer_app.keyword", "pk": 41, "fields": {"book": "9781856757270", "keyword": "everything"}}, {"model": "customer_app.keyword", "pk": 42, "fields": {"book": "9781856757270", "keyword": "nice"}}, {"model": "customer_app.keyword", "pk": 43, "fields": {"book": "9781856757270", "keyword": "dark"}}, {"model": "customer_app.keyword", "pk": 44, "fields": {"book": "9780264031125", "keyword": "when"}}, {"model": "customer_app.keyword", "pk": 45, "fields": {"book": "9780067009659", "keyword": "scene"}}, {"model": "customer_app.keyword", "pk": 46, "fields": {"book": "9780205939176", "keyword": "wide"}}, {"model": "customer_app.keyword", "pk": 47, "fields": {"book": "9781412599160", "keyword": "board"}}, {"model": "customer_app.keyword", "pk": 48, "fields": {"book": "9781412599160", "keyword": "service"}}, {"model": "customer_app.keyword", "pk": 49, "fields": {"book": "9781412599160", "keyword": "difference"}}, {"model": "customer_app.keyword", "pk": 50, "fields": {"book": "9781412599160", "keyword": "specific"}}, {"model": "customer_app.keyword", "pk": 51, "fields": {"book": "9781072066309", "keyword": "fly"}}, {"model": "customer_app.keyword", "pk": 52, "fields": {"book": "9781072066309", "keyword": "know"}}, {"model": "customer_app.keyword", "pk": 53, "fields": {"book": "9781072066309", "keyword": "audience"}}, {"model": "customer_app.keyword", "pk": 54, "fields": {"book": "9781736180822", "keyword": "finally"}}, {"model": "customer_app.keyword", "pk": 55, "fields": {"book": "9781736180822", "keyword": "might"}}, {"model": "customer_app.keyword", "pk": 56, "fields": {"book": "9781736180822", "keyword": "guess"}}, {"model": "customer_app.keyword", "pk": 57, "fields": {"book": "9781628678239", "keyword": "often"}}, {"model": "customer_app.keyword", "pk": 58, "fields": {"book": "9781630580087", "keyword": "individual"}}, {"model": "customer_app.keyword", "pk": 59, "fields": {"book": "9781630580087", "keyword": "check"}}, {"model": "customer_app.keyword", "pk": 60, "fields": {"book": "9781630580087", "keyword": "we"}}, {"model": "customer_app.keyword", "pk": 61, "fields": {"book": "9781883261399", "keyword": "per"}}, {"model": "customer_app.keyword", "pk": 62, "fields": {"book": "9781883261399", "keyword": "seven"}}, {"model": "customer_app.keyword", "pk": 63, "fields": {"book": "9781883261399", "keyword": "space"}}, {"model": "customer_app.keyword", "pk": 64, "fields": {"book": "9781883261399", "keyword": "prevent"}}, {"model": "customer_app.keyword", "pk": 65, "fields": {"book": "9781704653143", "keyword": "parent"}}, {"model": "customer_app.keyword", "pk": 66, "fields": {"book": "9781704653143", "keyword": "different"}}, {"model": "customer_app.keyword", "pk": 67, "fields": {"book": "9781522834359", "keyword": "ball"}}, {"model": "customer_app.keyword", "pk": 68, "fields": {"book": "9780243136438", "keyword": "call"}}, {"model": "customer_app.keyword", "pk": 69, "fields": {"book": "9780243136438", "keyword": "him"}}, {"model": "customer_app.keyword", "pk": 70, "fields": {"book": "9780243136438", "keyword": "study"}}, {"model": "customer_app.keyword", "pk": 71, "fields": {"book": "9780243136438", "keyword": "at"}}, {"model": "customer_app.keyword", "pk": 72, "fields": {"book": "9780737361186", "keyword": "not"}}, {"model": "customer_app.keyword", "pk": 73, "fields": {"book": "9780737361186", "keyword": "oil"}}, {"model": "customer_app.keyword", "pk": 74, "fields": {"book": "9780737361186", "keyword": "line"}}, {"model": "customer_app.keyword", "pk": 75, "fields": {"book": "9780737361186", "keyword": "in"}}, {"model": "customer_app.keyword", "pk": 76, "fields": {"book": "9781883777456", "keyword": "almost"}}, {"model": "customer_app.keyword", "pk": 77, "fields": {"book": "9781883777456", "keyword": "by"}}, {"model": "customer_app.keyword", "pk": 78, "fields": {"book": "9781883777456", "keyword": "down"}}, {"model": "customer_app.keyword", "pk": 79, "fields": {"book": "9781883777456", "keyword": "marriage"}}, {"model": "customer_app.keyword", "pk": 80, "fields": {"book": "9781096841340", "keyword": "even"}}, {"model": "customer_app.keyword", "pk": 81, "fields": {"book": "9781096841340", "keyword": "American"}}, {"model": "customer_app.keyword", "pk": 82, "fields": {"book": "9781096841340", "keyword": "age"}}, {"model": "customer_app.keyword", "pk": 83, "fields": {"book": "9781096841340", "keyword": "minute"}}, {"model": "customer_app.keyword", "pk": 84, "fields": {"book": "9781750485859", "keyword": "place"}}, {"model": "customer_app.keyword", "pk": 85, "fields": {"book": "9781134809004", "keyword": "capital"}}, {"model": "customer_app.keyword", "pk": 86, "fields": {"book": "9781134809004", "keyword": "other"}}, {"model": "customer_app.keyword", "pk": 87, "fields": {"book": "9781350824331", "keyword": "administration"}}, {"model": "customer_app.keyword", "pk": 88, "fields": {"book": "9781350824331", "keyword": "necessary"}}, {"model": "customer_app.keyword", "pk": 89, "fields": {"book": "9781350824331", "keyword": "computer"}}, {"model": "customer_app.keyword", "pk": 90, "fields": {"book": "9781350824331", "keyword": "cultural"}}, {"model": "customer_app.keyword", "pk": 91, "fields": {"book": "9781937352301", "keyword": "be"}}, {"model": "customer_app.keyword", "pk": 92, "fields": {"book": "9781937352301", "keyword": "station"}}, {"model": "customer_app.keyword", "pk": 93, "fields": {"book": "9781937352301", "keyword": "cold"}}, {"model": "customer_app.keyword", "pk": 94, "fields": {"book": "9781789595574", "keyword": "improve"}}, {"model": "customer_app.keyword", "pk": 95, "fields": {"book": "9781789595574", "keyword": "put"}}, {"model": "customer_app.keyword", "pk": 96, "fields": {"book": "9780797247161", "keyword": "effort"}}, {"model": "customer_app.keyword", "pk": 97, "fields": {"book": "9780797247161", "keyword": "back"}}, {"model": "customer_app.keyword", "pk": 98, "fields": {"book": "9780797247161", "keyword": "say"}}, {"model": "customer_app.keyword", "pk": 99, "fields": {"book": "9781297792977", "keyword": "since"}}, {"model": "customer_app.keyword", "pk": 100, "fields": {"book": "9780035858838", "keyword": "exactly"}}, {"model": "customer_app.keyword", "pk": 101, "fields": {"book": "9780035858838", "keyword": "rate"}}, {"model": "customer_app.keyword", "pk": 102, "fields": {"book": "9780035858838", "keyword": "project"}}, {"model": "customer_app.keyword", "pk": 103, "fields": {"book": "9780058087871", "keyword": "allow"}}, {"model": "customer_app.keyword", "pk": 104, "fields": {"book": "9780058087871", "keyword": "blue"}}, {"model": "customer_app.keyword", "pk": 105, "fields": {"book": "9781717142603", "keyword": "sign"}}, {"model": "customer_app.keyword", "pk": 106, "fields": {"book": "9780893377458", "keyword": "fight"}}, {"model": "customer_app.keyword", "pk": 107, "fields": {"book": "9780386378702", "keyword": "evidence"}}, {"model": "customer_app.keyword", "pk": 108, "fields": {"book": "9780386378702", "keyword": "job"}}, {"model": "customer_app.keyword", "pk": 109, "fields": {"book": "9780386378702", "keyword": "happy"}}, {"model": "customer_app.keyword", "pk": 110, "fields": {"book": "9780295935652", "keyword": "training"}}, {"model": "customer_app.keyword", "pk": 111, "fields": {"book": "9780916143862", "keyword": "agency"}}, {"model": "customer_app.keyword", "pk": 112, "fields": {"book": "9780916143862", "keyword": "test"}}, {"model": "customer_app.keyword", "pk": 113, "fields": {"book": "9780916143862", "keyword": "theory"}}, {"model": "customer_app.keyword", "pk": 114, "fields": {"book": "9781971101378", "keyword": "fly"}}, {"model": "customer_app.keyword", "pk": 115, "fields": {"book": "9780141379777", "keyword": "hope"}}, {"model": "customer_app.keyword", "pk": 116, "fields": {"book": "9780141379777", "keyword": "candidate"}}, {"model": "customer_app.keyword", "pk": 117, "fields": {"book": "9780141379777", "keyword": "lead"}}, {"model": "customer_app.keyword", "pk": 118, "fields": {"book": "9780829177572", "keyword": "report"}}, {"model": "customer_app.keyword", "pk": 119, "fields": {"book": "9781679983306", "keyword": "couple"}}, {"model": "customer_app.keyword", "pk": 120, "fields": {"book": "9781679983306", "keyword": "individual"}}, {"model": "customer_app.keyword", "pk": 121, "fields": {"book": "9781679983306", "keyword": "the"}}, {"model": "customer_app.keyword", "pk": 122, "fields": {"book": "9780243643806", "keyword": "live"}}, {"model": "customer_app.topic", "pk": 1, "fields": {"book": "2983748932478", "name": "V\u0169 tr\u1ee5"}}, {"model": "customer_app.topic", "pk": 3, "fields": {"book": "2983748932478", "name": "Ch\u00ednh tr\u1ecb"}}, {"model": "customer_app.topic", "pk": 4, "fields": {"book": "2983748932478", "name": "Truy\u1ec7n tranh"}}, {"model": "customer_app.topic", "pk": 5, "fields": {"book": "9780436865138", "name": "Gi\u00e1o d\u1ee5c"}}, {"model": "customer_app.topic", "pk": 6, "fields": {"book": "9780436865138", "name": "V\u0103n h\u1ecdc"}}, {"model": "customer_app.topic", "pk": 7, "fields": {"book": "9780436865138", "name": "V\u0169 tr\u1ee5"}}, {"model": "customer_app.topic", "pk": 8, "fields": {"book": "9781259147500", "name": "N\u1ea5u \u0103n"}}, {"model": "customer_app.topic", "pk": 9, "fields": {"book": "9780647121085", "name": "Khoa h\u1ecdc"}}, {"model": "customer_app.topic", "pk": 10, "fields": {"book": "9781568023328", "name": "Ti\u1ec3u thuy\u1ebft"}}, {"model": "customer_app.topic", "pk": 11, "fields": {"book": "9781195411260", "name": "V\u0103n h\u00f3a"}}, {"model": "customer_app.topic", "pk": 12, "fields": {"book": "9781195411260", "name": "Thi\u1ebfu nhi"}}, {"model": "customer_app.topic", "pk": 13, "fields": {"book": "9781195411260", "name": "V\u0169 tr\u1ee5"}}, {"model": "customer_app.topic", "pk": 14, "fields": {"book": "9781195411260", "name": "L\u1ecbch s\u1eed"}}, {"model": "customer_app.topic", "pk": 15, "fields": {"book": "9780304403073", "name": "\u0110\u1eddi s\u1ed1ng"}}, {"model": "customer_app.topic", "pk": 16, "fields": {"book": "9781635147247", "name": "Thi\u1ebfu nhi"}}, {"model": "customer_app.topic", "pk": 17, "fields": {"book": "9780033418416", "name": "Ti\u1ec3u thuy\u1ebft"}}, {"model": "customer_app.topic", "pk": 18, "fields": {"book": "9780033418416", "name": "V\u0103n h\u1ecdc"}}, {"model": "customer_app.topic", "pk": 19, "fields": {"book": "9780033418416", "name": "Kinh t\u1ebf"}}, {"model": "customer_app.topic", "pk": 20, "fields": {"book": "9780033418416", "name": "Truy\u1ec7n tranh"}}, {"model": "customer_app.topic", "pk": 21, "fields": {"book": "9781587998881", "name": "V\u0103n h\u00f3a"}}, {"model": "customer_app.topic", "pk": 22, "fields": {"book": "9781587998881", "name": "Thi\u1ebfu nhi"}}, {"model": "customer_app.topic", "pk": 23, "fields": {"book": "9780525827979", "name": "Gi\u00e1o d\u1ee5c"}}, {"model": "customer_app.topic", "pk": 24, "fields": {"book": "9780525827979", "name": "Ti\u1ec3u thuy\u1ebft"}}, {"model": "customer_app.topic", "pk": 25, "fields": {"book": "9780525827979", "name": "Thi\u1ebfu nhi"}}, {"model": "customer_app.topic", "pk": 26, "fields": {"book": "9780525827979", "name": "Truy\u1ec7n tranh"}}, {"model": "customer_app.topic", "pk": 27, "fields": {"book": "9780326547120", "name": "V\u0103n h\u00f3a"}}, {"model": "customer_app.topic", "pk": 28, "fields": {"book": "9780326547120", "name": "Thi\u1ebfu nhi"}}, {"model": "customer_app.topic", "pk": 29, "fields": {"book": "9781008166547", "name": "Gia \u0111\u00ecnh"}}, {"model": "customer_app.topic", "pk": 30, "fields": {"book": "9781008166547", "name": "V\u0103n h\u1ecdc"}}, {"model": "customer_app.topic", "pk": 31, "fields": {"book": "9781008166547", "name": "Kinh t\u1ebf"}}, {"model": "customer_app.topic", "pk": 32, "fields": {"book": "9781008166547", "name": "Thi\u1ebfu nhi"}}, {"model": "customer_app.topic", "pk": 33, "fields": {"book": "9781703255034", "name": "Gi\u00e1o d\u1ee5c"}}, {"model": "customer_app.topic", "pk": 34, "fields": {"book": "9781703255034", "name": "M\u00f4i tr\u01b0\u1eddng"}}, {"model": "customer_app.topic", "pk": 35, "fields": {"book": "9781187790212", "name": "Ch\u00ednh tr\u1ecb"}}, {"model": "customer_app.topic", "pk": 36, "fields": {"book": "9780760949764", "name": "Gia \u0111\u00ecnh"}}, {"model": "customer_app.topic", "pk": 37, "fields": {"book": "9780760949764", "name": "L\u1ecbch s\u1eed"}}, {"model": "customer_app.topic", "pk": 38, "fields": {"book": "9781364145705", "name": "Gi\u00e1o d\u1ee5c"}}, {"model": "customer_app.topic", "pk": 39, "fields": {"book": "9781116224948", "name": "Ti\u1ec3u thuy\u1ebft"}}, {"model": "customer_app.topic", "pk": 40, "fields": {"book": "9781116224948", "name": "V\u0103n h\u1ecdc"}}, {"model": "customer_app.topic", "pk": 41, "fields": {"book": "9781116224948", "name": "M\u00f4i tr\u01b0\u1eddng"}}, {"model": "customer_app.topic", "pk": 42, "fields": {"book": "9781146748919", "name": "N\u1ea5u \u0103n"}}, {"model": "customer_app.topic", "pk": 43, "fields": {"book": "9781856757270", "name": "Ti\u1ec3u thuy\u1ebft"}}, {"model": "customer_app.topic", "pk": 44, "fields": {"book": "9781856757270", "name": "Kinh t\u1ebf"}}, {"model": "customer_app.topic", "pk": 45, "fields": {"book": "9781856757270", "name": "N\u1ea5u \u0103n"}}, {"model": "customer_app.topic", "pk": 46, "fields": {"book": "9780264031125", "name": "V\u0103n h\u00f3a"}}, {"model": "customer_app.topic", "pk": 47, "fields": {"book": "9780067009659", "name": "Thi\u1ebfu nhi"}}, {"model": "customer_app.topic", "pk": 48, "fields": {"book": "9780205939176", "name": "Gi\u00e1o d\u1ee5c"}}, {"model": "customer_app.topic", "pk": 49, "fields": {"book": "9781412599160", "name": "Truy\u1ec7n tranh"}}, {"model": "customer_app.topic", "pk": 50, "fields": {"book": "9781412599160", "name": "V\u0103n h\u1ecdc"}}, {"model": "customer_app.topic", "pk": 51, "fields": {"book": "9781412599160", "name": "N\u1ea5u \u0103n"}}, {"model": "customer_app.topic", "pk": 52, "fields": {"book": "9781412599160", "name": "Ch\u00ednh tr\u1ecb"}}, {"model": "customer_app.topic", "pk": 53, "fields": {"book": "9781072066309", "name": "Ti\u1ec3u thuy\u1ebft"}}, {"model": "customer_app.topic", "pk": 54, "fields": {"book": "9781072066309", "name": "Thi\u1ebfu nhi"}}, {"model": "customer_app.topic", "pk": 55, "fields": {"book": "9781072066309", "name": "N\u1ea5u \u0103n"}}, {"model": "customer_app.topic", "pk": 56, "fields": {"book": "9781736180822", "name": "V\u0103n h\u00f3a"}}, {"model": "customer_app.topic", "pk": 57, "fields": {"book": "9781736180822", "name": "Ti\u1ec3u thuy\u1ebft"}}, {"model": "customer_app.topic", "pk": 58, "fields": {"book": "9781736180822", "name": "Kinh t\u1ebf"}}, {"model": "customer_app.topic", "pk": 59, "fields": {"book": "9781628678239", "name": "Truy\u1ec7n tranh"}}, {"model": "customer_app.topic", "pk": 60, "fields": {"book": "9781630580087", "name": "Truy\u1ec7n tranh"}}, {"model": "customer_app.topic", "pk": 61, "fields": {"book": "9781630580087", "name": "\u0110\u1eddi s\u1ed1ng"}}, {"model": "customer_app.topic", "pk": 62, "fields": {"book": "9781630580087", "name": "Ch\u00ednh tr\u1ecb"}}, {"model": "customer_app.topic", "pk": 63, "fields": {"book": "9781883261399", "name": "Khoa h\u1ecdc"}}, {"model": "customer_app.topic", "pk": 64, "fields": {"book": "9781883261399", "name": "L\u1ecbch s\u1eed"}}, {"model": "customer_app.topic", "pk": 65, "fields": {"book": "9781883261399", "name": "V\u0169 tr\u1ee5"}}, {"model": "customer_app.topic", "pk": 66, "fields": {"book": "9781883261399", "name": "Ch\u00ednh tr\u1ecb"}}, {"model": "customer_app.topic", "pk": 67, "fields": {"book": "9781704653143", "name": "Kinh t\u1ebf"}}, {"model": "customer_app.topic", "pk": 68, "fields": {"book": "9781704653143", "name": "N\u1ea5u \u0103n"}}, {"model": "customer_app.topic", "pk": 69, "fields": {"book": "9781522834359", "name": "V\u0169 tr\u1ee5"}}, {"model": "customer_app.topic", "pk": 70, "fields": {"book": "9780243136438", "name": "V\u0103n h\u00f3a"}}, {"model": "customer_app.topic", "pk": 71, "fields": {"book": "9780243136438", "name": "Kinh t\u1ebf"}}, {"model": "customer_app.topic", "pk": 72, "fields": {"book": "9780243136438", "name": "L\u1ecbch s\u1eed"}}, {"model": "customer_app.topic", "pk": 73, "fields": {"book": "9780243136438", "name": "Gi\u00e1o d\u1ee5c"}}, {"model": "customer_app.topic", "pk": 74, "fields": {"book": "9780737361186", "name": "Kinh t\u1ebf"}}, {"model": "customer_app.topic", "pk": 75, "fields": {"book": "9780737361186", "name": "V\u0103n h\u1ecdc"}}, {"model": "customer_app.topic", "pk": 76, "fields": {"book": "9780737361186", "name": "Gia \u0111\u00ecnh"}}, {"model": "customer_app.topic", "pk": 77, "fields": {"book": "9780737361186", "name": "M\u00f4i tr\u01b0\u1eddng"}}, {"model": "customer_app.topic", "pk": 78, "fields": {"book": "9781883777456", "name": "V\u0103n h\u00f3a"}}, {"model": "customer_app.topic", "pk": 79, "fields": {"book": "9781883777456", "name": "Khoa h\u1ecdc"}}, {"model": "customer_app.topic", "pk": 80, "fields": {"book": "9781883777456", "name": "M\u00f4i tr\u01b0\u1eddng"}}, {"model": "customer_app.topic", "pk": 81, "fields": {"book": "9781096841340", "name": "Gi\u00e1o d\u1ee5c"}}, {"model": "customer_app.topic", "pk": 82, "fields": {"book": "9781096841340", "name": "V\u0103n h\u00f3a"}}, {"model": "customer_app.topic", "pk": 83, "fields": {"book": "9781096841340", "name": "V\u0103n h\u1ecdc"}}, {"model": "customer_app.topic", "pk": 84, "fields": {"book": "9781096841340", "name": "\u0110\u1eddi s\u1ed1ng"}}, {"model": "customer_app.topic", "pk": 85, "fields": {"book": "9781750485859", "name": "Kinh t\u1ebf"}}, {"model": "customer_app.topic", "pk": 86, "fields": {"book": "9781134809004", "name": "V\u0103n h\u00f3a"}}, {"model": "customer_app.topic", "pk": 87, "fields": {"book": "9781134809004", "name": "N\u1ea5u \u0103n"}}, {"model": "customer_app.topic", "pk": 88, "fields": {"book": "9781350824331", "name": "V\u0103n h\u00f3a"}}, {"model": "customer_app.topic", "pk": 89, "fields": {"book": "9781350824331", "name": "Thi\u1ebfu nhi"}}, {"model": "customer_app.topic", "pk": 90, "fields": {"book": "9781350824331", "name": "M\u00f4i tr\u01b0\u1eddng"}}, {"model": "customer_app.topic", "pk": 91, "fields": {"book": "9781350824331", "name": "Truy\u1ec7n tranh"}}, {"model": "customer_app.topic", "pk": 92, "fields": {"book": "9781937352301", "name": "Khoa h\u1ecdc"}}, {"model": "customer_app.topic", "pk": 93, "fields": {"book": "9781937352301", "name": "M\u00f4i tr\u01b0\u1eddng"}}, {"model": "customer_app.topic", "pk": 94, "fields": {"book": "9781937352301", "name": "Ch\u00ednh tr\u1ecb"}}, {"model": "customer_app.topic", "pk": 95, "fields": {"book": "9781789595574", "name": "Kinh t\u1ebf"}}, {"model": "customer_app.topic", "pk": 96, "fields": {"book": "9781789595574", "name": "L\u1ecbch s\u1eed"}}, {"model": "customer_app.topic", "pk": 97, "fields": {"book": "9780797247161", "name": "Khoa h\u1ecdc"}}, {"model": "customer_app.topic", "pk": 98, "fields": {"book": "9780797247161", "name": "M\u00f4i tr\u01b0\u1eddng"}}, {"model": "customer_app.topic", "pk": 99, "fields": {"book": "9781297792977", "name": "V\u0103n h\u1ecdc"}}, {"model": "customer_app.topic", "pk": 100, "fields": {"book": "9780035858838", "name": "Gi\u00e1o d\u1ee5c"}}, {"model": "customer_app.topic", "pk": 101, "fields": {"book": "9780035858838", "name": "Thi\u1ebfu nhi"}}, {"model": "customer_app.topic", "pk": 102, "fields": {"book": "9780035858838", "name": "Gia \u0111\u00ecnh"}}, {"model": "customer_app.topic", "pk": 103, "fields": {"book": "9780058087871", "name": "Kinh t\u1ebf"}}, {"model": "customer_app.topic", "pk": 104, "fields": {"book": "9780058087871", "name": "N\u1ea5u \u0103n"}}, {"model": "customer_app.topic", "pk": 105, "fields": {"book": "9781717142603", "name": "L\u1ecbch s\u1eed"}}, {"model": "customer_app.topic", "pk": 106, "fields": {"book": "9780893377458", "name": "Gi\u00e1o d\u1ee5c"}}, {"model": "customer_app.topic", "pk": 107, "fields": {"book": "9780386378702", "name": "Ti\u1ec3u thuy\u1ebft"}}, {"model": "customer_app.topic", "pk": 108, "fields": {"book": "9780386378702", "name": "V\u0103n h\u1ecdc"}}, {"model": "customer_app.topic", "pk": 109, "fields": {"book": "9780386378702", "name": "Ch\u00ednh tr\u1ecb"}}, {"model": "customer_app.topic", "pk": 110, "fields": {"book": "9780295935652", "name": "Kinh t\u1ebf"}}, {"model": "customer_app.topic", "pk": 111, "fields": {"book": "9780916143862", "name": "Gi\u00e1o d\u1ee5c"}}, {"model": "customer_app.topic", "pk": 112, "fields": {"book": "9780916143862", "name": "N\u1ea5u \u0103n"}}, {"model": "customer_app.topic", "pk": 113, "fields": {"book": "9781971101378", "name": "V\u0169 tr\u1ee5"}}, {"model": "customer_app.topic", "pk": 114, "fields": {"book": "9780141379777", "name": "Khoa h\u1ecdc"}}, {"model": "customer_app.topic", "pk": 115, "fields": {"book": "9780141379777", "name": "V\u0103n h\u00f3a"}}, {"model": "customer_app.topic", "pk": 116, "fields": {"book": "9780141379777", "name": "Thi\u1ebfu nhi"}}, {"model": "customer_app.topic", "pk": 117, "fields": {"book": "9780829177572", "name": "Ti\u1ec3u thuy\u1ebft"}}, {"model": "customer_app.topic", "pk": 118, "fields": {"book": "9781679983306", "name": "Khoa h\u1ecdc"}}, {"model": "customer_app.topic", "pk": 119, "fields": {"book": "9781679983306", "name": "Gi\u00e1o d\u1ee5c"}}, {"model": "customer_app.topic", "pk": 120, "fields": {"book": "9780243643806", "name": "\u0110\u1eddi s\u1ed1ng"}}, {"model": "customer_app.topic", "pk": 121, "fields": {"book": "9284738946289", "name": "Thi\u1ebfu nhi"}}, {"model": "customer_app.topic", "pk": 122, "fields": {"book": "9284738946289", "name": "Phi\u00eau l\u01b0u"}}, {"model": "customer_app.topic", "pk": 123, "fields": {"book": "9284738946289", "name": "Gia \u0111\u00ecnh"}}, {"model": "customer_app.topic", "pk": 124, "fields": {"book": "9284738946289", "name": "V\u0103n h\u1ecdc"}}, {"model": "customer_app.book_image", "pk": 1, "fields": {"book": "9284738946289", "image": "dmplk.jpg"}}, {"model": "customer_app.book_image", "pk": 2, "fields": {"book": "9284738946289", "image": "dmplk2.jpg"}}, {"model": "admin.logentry", "pk": 1, "fields": {"action_time": "2020-11-18T09:05:51.178Z", "user": ["admin"], "content_type": ["customer_app", "author"], "object_id": "1", "object_repr": "V\u0103n Cao", "action_flag": 1, "change_message": "[{\"added\": {}}]"}}, {"model": "admin.logentry", "pk": 2, "fields": {"action_time": "2020-11-18T09:05:57.684Z", "user": ["admin"], "content_type": ["customer_app", "author"], "object_id": "2", "object_repr": "Ng\u00f4 T\u1ea5t T\u1ed1", "action_flag": 1, "change_message": "[{\"added\": {}}]"}}, {"model": "admin.logentry", "pk": 3, "fields": {"action_time": "2020-11-18T09:06:05.121Z", "user": ["admin"], "content_type": ["customer_app", "author"], "object_id": "3", "object_repr": "Nam Cao", "action_flag": 1, "change_message": "[{\"added\": {}}]"}}, {"model": "admin.logentry", "pk": 4, "fields": {"action_time": "2020-11-18T09:06:17.337Z", "user": ["admin"], "content_type": ["customer_app", "author"], "object_id": "4", "object_repr": "Th\u1ea1ch Lam", "action_flag": 1, "change_message": "[{\"added\": {}}]"}}, {"model": "admin.logentry", "pk": 5, "fields": {"action_time": "2020-11-18T09:06:34.672Z", "user": ["admin"], "content_type": ["customer_app", "author"], "object_id": "5", "object_repr": "T\u00f4 Ho\u00e0i", "action_flag": 1, "change_message": "[{\"added\": {}}]"}}, {"model": "admin.logentry", "pk": 6, "fields": {"action_time": "2020-11-18T09:06:45.647Z", "user": ["admin"], "content_type": ["customer_app", "author"], "object_id": "6", "object_repr": "H\u1ed3 Xu\u00e2n H\u01b0\u01a1ng", "action_flag": 1, "change_message": "[{\"added\": {}}]"}}, {"model": "admin.logentry", "pk": 7, "fields": {"action_time": "2020-11-18T09:07:00.128Z", "user": ["admin"], "content_type": ["customer_app", "author"], "object_id": "7", "object_repr": "V\u0169 Tr\u1ecdng Ph\u1ee5ng", "action_flag": 1, "change_message": "[{\"added\": {}}]"}}, {"model": "admin.logentry", "pk": 8, "fields": {"action_time": "2020-11-18T09:08:03.163Z", "user": ["admin"], "content_type": ["customer_app", "author"], "object_id": "8", "object_repr": "Nguy\u1ec5n Quang S\u00e1ng", "action_flag": 1, "change_message": "[{\"added\": {}}]"}}, {"model": "admin.logentry", "pk": 9, "fields": {"action_time": "2020-11-18T09:08:36.610Z", "user": ["admin"], "content_type": ["customer_app", "author"], "object_id": "9", "object_repr": "Nguy\u1ec5n Tu\u00e2n", "action_flag": 1, "change_message": "[{\"added\": {}}]"}}, {"model": "admin.logentry", "pk": 10, "fields": {"action_time": "2020-11-18T09:09:03.406Z", "user": ["admin"], "content_type": ["customer_app", "author"], "object_id": "10", "object_repr": "H\u1ed3 Ch\u00ed Minh", "action_flag": 1, "change_message": "[{\"added\": {}}]"}}, {"model": "admin.logentry", "pk": 11, "fields": {"action_time": "2020-11-18T09:09:25.530Z", "user": ["admin"], "content_type": ["customer_app", "author"], "object_id": "11", "object_repr": "T\u1ed1 H\u1eefu", "action_flag": 1, "change_message": "[{\"added\": {}}]"}}, {"model": "admin.logentry", "pk": 12, "fields": {"action_time": "2020-11-18T09:09:55.709Z", "user": ["admin"], "content_type": ["customer_app", "author"], "object_id": "12", "object_repr": "Nguy\u1ec5n \u0110\u00ecnh Chi\u1ec3u", "action_flag": 1, "change_message": "[{\"added\": {}}]"}}, {"model": "admin.logentry", "pk": 13, "fields": {"action_time": "2020-11-18T09:10:55.619Z", "user": ["admin"], "content_type": ["customer_app", "publisher"], "object_id": "1", "object_repr": "NXB DHQG Tp.H\u1ed3 Ch\u00ed Minh", "action_flag": 1, "change_message": "[{\"added\": {}}]"}}, {"model": "admin.logentry", "pk": 14, "fields": {"action_time": "2020-11-18T09:10:58.262Z", "user": ["admin"], "content_type": ["customer_app", "book"], "object_id": "9834578927431", "object_repr": "Chi\u1ec1u chi\u1ec1u", "action_flag": 1, "change_message": "[{\"added\": {}}]"}}, {"model": "admin.logentry", "pk": 15, "fields": {"action_time": "2020-11-18T09:11:15.050Z", "user": ["admin"], "content_type": ["customer_app", "publisher"], "object_id": "2", "object_repr": "NXB D\u00e2n Tr\u00ed", "action_flag": 1, "change_message": "[{\"added\": {}}]"}}, {"model": "admin.logentry", "pk": 16, "fields": {"action_time": "2020-11-18T09:11:23.694Z", "user": ["admin"], "content_type": ["customer_app", "publisher"], "object_id": "3", "object_repr": "NXB Gi\u00e1o d\u1ee5c", "action_flag": 1, "change_message": "[{\"added\": {}}]"}}, {"model": "admin.logentry", "pk": 17, "fields": {"action_time": "2020-11-18T09:11:36.097Z", "user": ["admin"], "content_type": ["customer_app", "publisher"], "object_id": "4", "object_repr": "NXB H\u1ea3i Ph\u00f2ng", "action_flag": 1, "change_message": "[{\"added\": {}}]"}}, {"model": "admin.logentry", "pk": 18, "fields": {"action_time": "2020-11-18T09:11:50.643Z", "user": ["admin"], "content_type": ["customer_app", "publisher"], "object_id": "5", "object_repr": "NXB Tu\u1ed5i tr\u1ebb", "action_flag": 1, "change_message": "[{\"added\": {}}]"}}, {"model": "admin.logentry", "pk": 19, "fields": {"action_time": "2020-11-18T09:12:08.174Z", "user": ["admin"], "content_type": ["customer_app", "publisher"], "object_id": "6", "object_repr": "NXB H\u1ed3ng \u0110\u1ee9c", "action_flag": 1, "change_message": "[{\"added\": {}}]"}}, {"model": "admin.logentry", "pk": 20, "fields": {"action_time": "2020-11-18T09:12:26.033Z", "user": ["admin"], "content_type": ["customer_app", "publisher"], "object_id": "7", "object_repr": "NXB Tr\u1ebb", "action_flag": 1, "change_message": "[{\"added\": {}}]"}}, {"model": "admin.logentry", "pk": 21, "fields": {"action_time": "2020-11-18T09:12:35.375Z", "user": ["admin"], "content_type": ["customer_app", "publisher"], "object_id": "8", "object_repr": "NXB V\u0103n h\u1ecdc", "action_flag": 1, "change_message": "[{\"added\": {}}]"}}, {"model": "admin.logentry", "pk": 22, "fields": {"action_time": "2020-11-18T09:14:05.393Z", "user": ["admin"], "content_type": ["customer_app", "book"], "object_id": "9284738946289", "object_repr": "D\u1ebf m\u00e8n phi\u00eau l\u01b0u k\u00fd", "action_flag": 1, "change_message": "[{\"added\": {}}]"}}, {"model": "admin.logentry", "pk": 23, "fields": {"action_time": "2020-11-18T09:16:12.087Z", "user": ["admin"], "content_type": ["customer_app", "book"], "object_id": "2983748932478", "object_repr": "Nh\u1eadt k\u00fd trong t\u00f9", "action_flag": 1, "change_message": "[{\"added\": {}}]"}}, {"model": "admin.logentry", "pk": 24, "fields": {"action_time": "2020-11-18T09:34:14.055Z", "user": ["admin"], "content_type": ["auth", "group"], "object_id": "1", "object_repr": "customer", "action_flag": 1, "change_message": "[{\"added\": {}}]"}}, {"model": "admin.logentry", "pk": 25, "fields": {"action_time": "2020-11-18T09:34:18.343Z", "user": ["admin"], "content_type": ["auth", "group"], "object_id": "2", "object_repr": "admin", "action_flag": 1, "change_message": "[{\"added\": {}}]"}}, {"model": "admin.logentry", "pk": 26, "fields": {"action_time": "2020-11-18T09:34:21.492Z", "user": ["admin"], "content_type": ["auth", "group"], "object_id": "3", "object_repr": "staff", "action_flag": 1, "change_message": "[{\"added\": {}}]"}}, {"model": "admin.logentry", "pk": 27, "fields": {"action_time": "2020-11-18T09:34:38.517Z", "user": ["admin"], "content_type": ["auth", "user"], "object_id": "1", "object_repr": "admin", "action_flag": 2, "change_message": "[{\"changed\": {\"fields\": [\"Groups\"]}}]"}}, {"model": "admin.logentry", "pk": 28, "fields": {"action_time": "2020-11-18T09:36:08.163Z", "user": ["admin"], "content_type": ["customer_app", "customer"], "object_id": "1", "object_repr": "Binh Le", "action_flag": 1, "change_message": "[{\"added\": {}}]"}}, {"model": "admin.logentry", "pk": 29, "fields": {"action_time": "2020-11-18T09:36:32.833Z", "user": ["admin"], "content_type": ["customer_app", "book_image"], "object_id": "1", "object_repr": "D\u1ebf m\u00e8n phi\u00eau l\u01b0u k\u00fd", "action_flag": 1, "change_message": "[{\"added\": {}}]"}}, {"model": "admin.logentry", "pk": 30, "fields": {"action_time": "2020-11-18T09:36:40.930Z", "user": ["admin"], "content_type": ["customer_app", "book_image"], "object_id": "2", "object_repr": "D\u1ebf m\u00e8n phi\u00eau l\u01b0u k\u00fd", "action_flag": 1, "change_message": "[{\"added\": {}}]"}}, {"model": "admin.logentry", "pk": 31, "fields": {"action_time": "2020-11-18T09:37:39.798Z", "user": ["admin"], "content_type": ["customer_app", "bookauthor"], "object_id": "109", "object_repr": "BookAuthor object (109)", "action_flag": 1, "change_message": "[{\"added\": {}}]"}}, {"model": "admin.logentry", "pk": 32, "fields": {"action_time": "2020-11-18T09:47:10.693Z", "user": ["admin"], "content_type": ["customer_app", "topic"], "object_id": "2", "object_repr": "V\u0169 tr\u1ee5", "action_flag": 3, "change_message": ""}}, {"model": "admin.logentry", "pk": 33, "fields": {"action_time": "2020-11-18T14:13:17.526Z", "user": ["admin"], "content_type": ["customer_app", "topic"], "object_id": "121", "object_repr": "Thi\u1ebfu nhi", "action_flag": 1, "change_message": "[{\"added\": {}}]"}}, {"model": "admin.logentry", "pk": 34, "fields": {"action_time": "2020-11-18T14:13:27.186Z", "user": ["admin"], "content_type": ["customer_app", "topic"], "object_id": "122", "object_repr": "Phi\u00eau l\u01b0u", "action_flag": 1, "change_message": "[{\"added\": {}}]"}}, {"model": "admin.logentry", "pk": 35, "fields": {"action_time": "2020-11-18T14:13:34.248Z", "user": ["admin"], "content_type": ["customer_app", "topic"], "object_id": "123", "object_repr": "Gia \u0111\u00ecnh", "action_flag": 1, "change_message": "[{\"added\": {}}]"}}, {"model": "admin.logentry", "pk": 36, "fields": {"action_time": "2020-11-18T14:13:59.501Z", "user": ["admin"], "content_type": ["customer_app", "topic"], "object_id": "124", "object_repr": "V\u0103n h\u1ecdc", "action_flag": 1, "change_message": "[{\"added\": {}}]"}}, {"model": "admin.logentry", "pk": 37, "fields": {"action_time": "2020-11-19T02:52:04.465Z", "user": ["admin"], "content_type": ["customer_app", "order"], "object_id": "2", "object_repr": "2 - B\u00ecnh L\u00ea", "action_flag": 2, "change_message": "[{\"changed\": {\"fields\": [\"ShippingAddress\"]}}]"}}]